VATSAEDU.BO;
RES.TO;
WELLNESS.BO;
WNGRF;
ECV.L;
RXNRP;
HAL;
MCF;
ADRO.JK;
CASS;
YESB.BO;
ORN.MX;
EUGFF;
BKS3.F;
M0X.F;
5049@BN.KL;
9957.TWO;
XXNCC;
APH.MX;
KAJ.DU;
1904.TW;
MHN.L;
QTS.BE;
VMPT;
GGB;
DNO.BE;
WM1.MU;
WDI.EX;
BRYAT.IS;
SFCL.NS;
PZBW;
7198.KL;
RIGL;
WGNR;
MXGFF;
ZAZ.IR;
SOFO;
NOC;
QC1.F;
4543.TWO;
TKECF;
BBSI;
PSAN.DE;
GFOX;
SWJ.L;
JRO;
XPL;
0960.HK;
VIGLF;
LDNXF;
PPS;
VRBCF;
CN.V;
EPLAS.IS;
BRMEN.IS;
TVL.V;
SIXN;
ORYYF;
JAV2.F;
GLDD;
JDT.L;
UANC.L;
VNET;
SDP.L;
NG4.BE;
ARL;
MBDE;
MSN;
NPV;
EDGA.SG;
VZ8.F;
UNQTYMI.BO;
HRTFF;
JPAVF;
CHBH;
PHT;
BZM;
ZEON.F;
TOM.HA;
HSBA.L;
ICM.V;
WSPOF;
716994.TWO;
CTX.MU;
03015X.TW;
IRNS;
81A.SG;
LGGNY;
GAP.BE;
TISI;
ZPPOLYSA.BO;
MCGS.QA;
FALC;
XPL.L;
BIND;
CAPS;
FRMO;
LEG.AX;
NCX.V;
RSH.BE;
SKM.F;
SHVLF;
KOBX.JK;
HES;
KOA.BE;
BYM;
TAPM;
VVVFF;
CYU.AX;
SEIGF;
YFGSF;
MLZAM.PA;
SOBI.ST;
EML.AX;
ZONNF;
EZCH.TA;
CAMT;
TBNK;
HCA;
NXT.V;
XL;
BRU.AX;
XIL.PA;
VNTV;
SKIS;
HLM-P;
UTDI.F;
LHA.F;
MAP.MC;
UGI.F;
BZ.V;
FMX;
003010.KS;
QNTO;
NAII;
JOC.V;
1250.HK;
ADMS;
SATELENG.BO;
WLDN;
BSRC;
MMC;
AMPG;
OBL.F;
SYPR;
ADES;
YI2A.BE;
CHD;
MAGNF;
APN.AX;
SRE;
CAG.AX;
VGN.V;
EGLYO.IS;
RY-PD.TO;
FUJ1.DU;
VIH.DE;
KW;
IIKKF;
BVCL-EQ.NS;
KLR.L;
SBHGF;
TQBY;
MAAJTL.BO;
MZ8.BE;
XCW.F;
CHKP;
EVM;
RPG.AX;
VERTU.IS;
DEZ.DE;
SSE.L;
OLY1.F;
DZX.SG;
HNM.F;
FLEX;
MVBF;
XGRA9.BA;
AZJ.AX;
011780.KS;
JPLZW;
VJET.SW;
VENUSREM.NS;
YZCFF;
DXPE;
JSI.L;
000150.KS;
UBMN.L;
TTHI;
PZG;
QACM.HM;
2282.HK;
GWW.SG;
26P.BE;
ENRT;
PG8.F;
WJXFF;
VG8.BE;
LOOK;
TMAS.JK;
011560.KQ;
RDCM;
JUTHA.BK;
SHSH;
FREA.F;
SBM.AX;
VPC.AX;
RAFI;
YCP.DU;
SNFCA;
NWYF;
ALV.DE;
BIW.DU;
G1V.BE;
AMZN;
SBMRF;
GND.PA;
ZP8.MU;
IU2.MU;
VBL.BE;
XUN.F;
CTY.TO;
TBLMY;
CSC;
1616.HK;
YBA.F;
ZVR.F;
AAU;
DAI.DE;
RYN.MX;
OVT.V;
STL;
QGOLDHALF.NS;
WPC.L;
JPTXF;
TMEB;
03048X.TW;
HRH.V;
ARHVF;
UIHC;
QY1.F;
KOFL.MX;
KMGLF;
AV-UN.TO;
OPE.MU;
HH;
AXST;
SAJA;
NLB1.DE;
BKUT;
3063-OL.HK;
LXK;
PRTY;
SSL;
PP1.MU;
21X.F;
0885.HK;
BGH;
AVID;
QU8.SG;
GWO-PQ.TO;
RY4C.IR;
8107.TWO;
VTC.L;
716156.TWO;
000040.KS;
CS.PA;
OCI1.DE;
YOHOF;
WIMHF;
GCHE.ME;
USCS;
O5H.DE;
BK-PC;
BVWN;
ASG;
N9M.MU;
FLIC;
CBA;
HNT;
003960.KS;
K1Q.SI;
ZENTEC-EQ.NS;
NFTGF;
IIN;
XIA.V;
ROCEF;
JTNB;
AMDA;
YAMCY;
CNOB;
NWCN;
716552.TWO;
VRCI;
MEXCHEM.MX;
SHLD;
PM6.F;
DISI.TA;
JD;
LTEL3BF.SA;
VTL;
UNQ.DU;
7122@BN.KL;
0826.HK;
QD4.F;
WGEE;
7KL.BE;
NRM.SG;
JAYBARMAR.NS;
LCDX;
JIX.F;
QUS.F;
GTOMY;
DIP0.BA;
KIN2.DE;
HSPG.OL;
ZNHH.BE;
EFII;
UTG.L;
MJNA;
QSC.DE;
PFH;
GOI3.F;
NHLD;
3709.HK;
CVI;
KEL.TO;
AAV.TO;
PAR.ST;
TNK;
CH1A.SG;
PLI.TO;
SGMO;
DU4.SI;
MTP;
UMPQ;
GRBS;
71942P.TWO;
UBK.HM;
DOR.L;
WSMTF;
LEON;
YX3F.EX;
XCIA.F;
VLE.MU;
FTS-PK.TO;
XHSA.DU;
ZIM.BE;
NONOF;
C-PP;
721997.TWO;
ITC.TO;
EGY;
VV0.F;
721669.TWO;
KURA;
8092.TWO;
WDI.SW;
RVTI;
SSS;
JE9N.F;
ZCT1.DE;
4GN.MU;
FGOVF;
ONFC;
SHL.AX;
5264.TW;
MBUMY;
AAH3.BE;
GLUX;
NIK.V;
HARI;
ENDV;
CDOM;
QTM.AX;
SERV;
STIE;
0775.HK;
4J2.BE;
TTI;
9188.TW;
DCOU;
ENP.V;
ANL.F;
44RS.L;
GDLNF;
RNWEY;
3029-OL.HK;
GPOR.L;
8250-OL.HK;
ESDI;
AYS.AX;
BG;
TRU;
TXRX3F.SA;
ORC;
ASL.L;
XKE;
3052-OL.HK;
FMC1.DE;
WCUI;
LLTC;
YFI.V;
5159.KL;
QCQ.F;
UBR.V;
CACB;
HRO.F;
ON.V;
NCZ;
DCA;
GAHC;
XEN.MU;
YGGYO.IS;
40JP.L;
XAE2.BE;
YIPI;
WL4N.F;
BBEPP;
YTMF01.AX;
AFBOF;
RBAZ;
DYDIF;
RBS-PS;
BPLD.BA;
AVXL;
AI.TO;
EVOK;
SMME;
VAPO;
G09.F;
RLD;
019440.KS;
SWK;
TRMLF;
EPXY;
BIOM;
KYSEY;
KJ7.SI;
6540.TWO;
WKH.BE;
VAC;
IMMU;
NNL.F;
STDY;
V3V.SG;
BKCT;
QPACW;
HIFH.HM;
GLOB;
ONIN;
ROTH;
TYPFF;
DJPHF;
YI2A.MU;
ABAN.BO;
VRTC;
PLAB;
DIR-UN.TO;
ELAL.TA;
JACK;
EUYO.IS;
ANSA.IS;
1297.HK;
APGA;
BZF1.F;
URZ.TO;
NXK;
OFSA3.SA;
FRPC;
RBS-PF;
SNFRF;
QMDT;
DGRLY;
RIO;
BAMXF;
ACG.AX;
QGJ.F;
KPELY;
2ZXA.BE;
NCI;
PAOR.PA;
TDC.BE;
REV;
ZVR.BE;
UNV.AX;
HZJ.MU;
UX2A.F;
SLGYY;
6899.HK;
ECR;
WI4.F;
LUNA;
NSCTD;
IGEN;
CJRCF;
KMRCF;
HOUM;
YPPN;
133716.L;
WFC.MX;
THVB;
M04.BE;
BWEN;
PJF.L;
TX;
KLSB.ME;
AAB.TO;
CMN;
GGRGF;
G41.SI;
TOYMO.SW;
K90.BE;
OHB.DE;
MKRYF;
KMOL.AT;
PSSEF;
ABR;
MLC.L;
BF5B.BE;
SQNM;
JAH;
LFC;
MBLX;
CLTS;
137817.L;
VAI.F;
LPTH;
TXRX4F.SA;
SBUX.MX;
011170.KS;
MUTHTFN.BO;
OLB.HM;
SGFEF;
PKT;
ZTA.AX;
SKT.AX;
SKVY;
LVNTA;
T98.F;
DTV;
AFR.AX;
YB2P.F;
RRD;
NYT.MU;
XENA.TA;
QB3.F;
DRAL.TA;
FORN.SW;
NPT.NZ;
P6NN.SG;
XKI.BE;
XY8.F;
CZICF;
ACR.DE;
BLD-WI;
MMMM;
PRPI;
GHE.L;
VTX.AX;
MCK.V;
V2M.F;
HHE.SG;
RVREF;
LG7.SI;
DNAI;
RCBC;
PNE3.BE;
ASCC;
0851-OL.HK;
ZAS.F;
SGH.AX;
BHD.VI;
QCTA.MU;
KFRC;
MXIM;
PEDH;
CPAH;
ZHIMATMO.BO;
122990.KQ;
GCHEF;
DIVSHKT.BO;
ESUU11F.SA;
OTOKLIN.BO;
JHY;
ORGS;
ORE.TO;
QMIS;
IMHDF;
MBIT;
SEGSF;
SFDL;
MOH;
MXX.V;
CXGH.SG;
DPM.DU;
3GZA.F;
MYOS;
RYS1.DE;
WWEXF;
CATG;
WEK.F;
JAF.MU;
ORNC;
YNDX.ME;
LRTNF;
KEMP.BO;
03049X.TW;
PML.L;
VALUEMAR.BO;
PAACU;
RLBS;
Y2WA.BE;
SBRY.L;
MRPLY;
LILAK;
CPKA;
0ZG2.F;
ORBITCORP.BO;
ASKH;
PACEW;
SERNF;
TVPKF;
SRS.F;
DSGT;
HOMR;
NTC;
OX.V;
XGW.BE;
EQFN;
PACB;
GLPEY;
FFIN;
QPJ.BE;
LEN.L;
TSS;
LAD;
SAL;
SOHFF;
WFC-WT;
PUNK;
YCB;
FOO.DU;
STS.L;
WAL.SG;
138654.L;
RWS.L;
STR;
TRPN3.SA;
KGF.L;
721720.TWO;
LLTP;
TYC1.F;
BANC;
23B.F;
PPJ.SG;
PCTZF;
NCIT;
DMXTY;
ELD.AX;
DECN.MX;
RNW.TO;
MHN;
TOVC;
CCCXF;
EVOTF;
AMPW;
MSMN.L;
OCJ.BE;
VRCFF;
QHH.F;
YINGY;
HINKF;
QBELOR-A;
CRZY;
WFTSF;
CTSH.SW;
DPM;
SGQRF;
DRE2.F;
Y01A.F;
YAV.F;
BEMG;
S7E.F;
OCTX;
TAP-A;
099830.KQ;
5CF.BE;
C1S.BE;
ZTS;
BDZ.SG;
0527.HK;
GV;
RNMBY;
NMNZF;
UMBBF;
NEVDF;
THW;
OMKARPH.BO;
KI8.BE;
HTBNF;
0268.HK;
FAY.BE;
SNYR;
XMPA.MU;
ELTZ.L;
VNM.MU;
UOF.MU;
MBG.V;
ROP;
DCM;
TAY.BE;
ZNGKRV-A;
NOTQF;
AHII;
KMPR;
AFGE;
IBWSL.BO;
VVIVF;
DIVI.L;
JCN.BE;
CUK;
AKTS;
ENI;
GBSN;
AMSF;
6IZ.BE;
1305.HK;
3368-OL.HK;
LH;
JSD;
VNMC;
PBYA;
RBC;
CTOT;
NPPXF;
JUN3.SG;
GMT;
VIS.IC;
VGLS;
RSW.L;
POW.TO;
PEGA;
JJO.DU;
EMMS;
BSW.HM;
W-PB.TO;
YCZ.MU;
BXE;
WFR.F;
JEL.L;
KHKSF;
RMAX;
PTKFY;
KCC.V;
GTWN;
BJINY;
VZFF.EX;
IYYA.BE;
PGRX;
USA;
FB2A.DE;
SPH1.F;
TSC10.BA;
H9B.F;
UAM;
4711.TWO;
N;
ZCHA.BE;
RMKXF;
CRNCY;
EGZ.TO;
OXDAI.SW;
FJZ.SG;
MVG;
WRX1.F;
ORA.MI;
ALTHE.PA;
ATOC;
ADY.BE;
UPD.AX;
0853.HK;
P7J1.F;
OVCHF;
QL2.SI;
JMTAUTOLT.NS;
TDE;
AXC.SI;
4980.TWO;
717247.TWO;
LVMUY;
STXS;
WS7A.F;
SLTA;
RW0U.SI;
KHE.F;
DMI.AX;
OTOW;
RQQ.MU;
CL1A.F;
ZSOMESCE.BO;
NBVENTURE.NS;
BWW.SG;
LARK;
ZZA.F;
RYGYO.IS;
BSEFY;
BES.LS;
ODN.AX;
COK.DE;
ELOS;
SDIPF;
XTL.BE;
WGA;
EXN.BE;
KAMP.AT;
DXLG;
5I0.SI;
JLT.SG;
SHA.F;
EGRTF;
WESC;
0337.HK;
CBAK;
HRBR;
TNAV;
WAYS;
WWFA.SG;
CFIGY;
ZBB;
UEXCF;
DVO.L;
KWALITY.NS;
SVEG.OL;
BRN;
PFLC;
EMG.L;
DKS;
PUGE;
YNP.BK;
CJPRY;
WFGPY;
SNSY5.SA;
3W31.F;
3062-OL.HK;
TLR.V;
ODD.ST;
HPF-UN.TO;
SIVBO;
QRSM;
CBAI;
EONGY;
AVOL;
GPLA;
TS6.BE;
BME;
083660.KQ;
AMJYF;
MKLW.L;
PHM;
JPM.L;
220630.KQ;
W7LF.EX;
GNTX;
AAGIY;
LMNK;
WBMD;
ACRS;
SRE.L;
DBO.TO;
WIKA.JK;
ZSC.SG;
OGXI;
SONVF;
ZBB.A;
FR.TO;
USBC34.SA;
UJO.L;
ZOF.MU;
03042X.TW;
ALXDF;
TCS.BE;
JW-A;
RDXH;
WO8.F;
ZWC1.MU;
ADXSW;
HVN.AX;
3NVN.F;
DDXFD;
OU8.F;
CVVT;
QRXPY;
BIG.AX;
KCN.AX;
TSE1.BE;
OCC.AX;
YHA.F;
MCX.BO;
CVI-A.TO;
VWA.AS;
ZOO.BE;
AREX;
N3L.SG;
KUREF;
TOL.AX;
NARRF;
ROTI.JK;
AJG.L;
IVU.DE;
RWE3.DU;
EBAY34F.SA;
XYUA.BE;
ARDX;
180640.KS;
TRV.MX;
1875661.BE;
NAEY;
013870.KS;
717089.TWO;
3818.HK;
SEB-A.ST;
PNI;
CRIS;
FUC.SG;
KMFI;
AAD.DE;
EFX;
INDT.ST;
047040.KS;
PQL.DE;
KZD.V;
086790.KS;
6963.KL;
BIP;
CALCOM.BO;
YSM.SG;
083360.KS;
CSMG3F.SA;
MCFUF;
DMTX;
DXCM;
IH0.SI;
MGNX;
OR6.BE;
YAB2.MU;
M08.SG;
CGFEF;
UQM.MU;
DF.TO;
FBP;
ITEK;
TAC;
DKM.AX;
CPFH;
EDD3.F;
NIGTF;
VA7A.F;
VSC.AX;
OCN.V;
SHPGF;
KBWA.SG;
VSTTILLER.NS;
VHI;
RUSMF;
MEILW;
IENVF;
ASMF.DU;
0193.HK;
V6C.BE;
BXMT;
QVCB;
IFM.DE;
CADC;
DPDW;
NAOLINEN.BO;
ARWR;
KBR.MX;
YG4.MU;
BXB.AX;
JUMSF;
ESFS;
HCMLY;
AQMS;
CKX;
BVTLF;
PJT.V;
JOT.F;
PMDL;
VDPH;
DMCIF;
IDP.DU;
TIS;
GOFPY;
SCDA;
CB4.F;
GOOG;
FEQ.BE;
AMTX;
MRD.TO;
CHU;
HAS;
YB1.DE;
SYNC;
ENRJ;
S7OU.SI;
JSPT.JK;
ABTO;
CIMDF;
MOAR3F.SA;
1333-OL.HK;
VQKA.DE;
IHSXF;
PGND;
TGR.V;
WTW;
HTCTF;
KA7.F;
GLQ;
SZ5.DU;
TCRZ;
JBCHEPHARM6.BO;
03053X.TW;
4XN.F;
JMFINANCIL6.BO;
GMED;
EUKYO.IS;
JOX.BE;
0NP.F;
QRTXF;
WAF.F;
TLW.L;
IVPG.L;
AVX;
FLMCQ;
CBOM.ME;
JEN.MU;
KGBLF;
NYCB-PU;
YOO.V;
ICA.ST;
AMPD;
WHLM;
CFG;
BLVDU;
DIK.BE;
ESNT.L;
WLOL;
YCU.F;
VEND;
FCCY;
EOLU-B.ST;
JUVE.MI;
VIVT3.SA;
SESF.EX;
HKBT;
TANO;
KPO.SG;
2JC.F;
5FX.SI;
ZNRGF;
CGRT;
MDT.DE;
ATP.TO;
KCDMF;
ABN.AS;
MEDINOV.BO;
03016X.TW;
RNL.HM;
BBVA.MX;
TXN.SW;
OTIC;
NPY.F;
LGCLF;
5HV.SI;
WSSRF;
WHGRF;
QNBC;
EMCI;
LINK;
9802.TW;
EXPR;
VALE5.SA;
TLSYY;
R4E.BE;
AG4.MU;
GRO.V;
WIPRO4.BO;
NODB;
MHM;
VLOX.L;
SGAMY;
XCD.SG;
Z.TO;
WHBRADY.BO;
TPX-A.TO;
RKGXF;
OWW1.MU;
ONVRF;
INTU;
YIJ.BE;
NWE;
APC;
0SGA.F;
7BF.MU;
KCY.BE;
RXEEY;
IVFZF;
HHI.MU;
APVS;
CUII;
CBX;
LQMT;
NVM.V;
OOGI;
DPWW;
NRTNF;
JRI;
BRE.TO;
SQU.DE;
XXCDB;
JSEJF;
3276.TWO;
RUBSF;
AEL;
NSLP;
DPZ;
QA4A.SG;
5490.TWO;
CXEE;
QMN.AX;
DIV.TO;
BKJAY;
KYN-PE;
024800.KQ;
FAC;
6134.TWO;
UA.MX;
4927.TW;
PPC;
KMT.V;
PSUN;
SEOTF;
UAV.V;
TAO.TO;
NHO.AX;
717183.TWO;
KAT.TO;
3PW.BE;
2SO.MU;
NWDVW;
XE.V;
EDSFF;
ESE;
1B9.MU;
BKFG;
PZE;
QTS;
YMT1.L;
INN-UN.TO;
SMACU;
D1U.BE;
031554.TW;
RMSL;
WMH.L;
IRC-PB;
WWEXD;
ERGO;
GLAF.L;
LMOS;
NAR.L;
MYRX;
TAIT;
DWHT.L;
AED;
SOFF.OL;
PTTWF;
TRYLF;
PCBK;
LNZNF;
YD-Z5-98-11.AX;
W-UN.TO;
CPGI;
ON7.SI;
JBLU;
OXYS;
VER.L;
X0M.DU;
AVLY;
SQS.L;
NSP;
QDEL;
ACBI;
CAF.MC;
CIGI;
KAZ.L;
TTR.L;
EFS3.MU;
STRLKAL.BO;
IMKG;
MCAP;
SWASTIVI.BO;
SLR.MC;
005090.KS;
ZSNEHCON.BO;
YM9A.F;
NOK1V.HE;
ISHC;
HDFCBANK.BO;
7ES.BE;
MCK;
PMBC;
3441.TWO;
OPRE3BF.SA;
CTRPN.MX;
ZNDX;
104200.KQ;
RLE.L;
COF;
010660.KS;
ISEYF;
ORMP;
PWURF;
FSTR;
VMTG;
KRKN.ME;
XS3A.BE;
RANKF;
H2K1.F;
718123.TWO;
CBM;
0058@OM.KL;
WGN.F;
YXOXF;
KHOLF;
DIFTY;
WF5A.BE;
GURE;
DJIFF;
DDC;
TOU.TO;
MSF.DU;
LNNGY;
078930.KS;
XC01.MU;
ERC;
DBOEY;
SNGYO.IS;
TEGY;
H73.SI;
WBC;
FOLD;
KIAT.BK;
WCH.HA;
GBCS;
8378-OL.HK;
SAR;
PLNR;
KMP.TO;
HYMLF;
PUPKF;
MYOK;
WALG.L;
3085.HK;
PALDF;
NSUPF;
NRDC.CO;
5222.KL;
PLO.MU;
PJP.F;
TMAK;
ANCA.MU;
MNW.TO;
XRXB34.SA;
WT-H.V;
ZO1F.EX;
GS.TO;
FOTB;
QRNKOZ-A;
DVDCF;
HFFC;
0005.HK;
INM.V;
037440.KQ;
YNGFF;
AMPH;
134790.KS;
FWM;
0165.KL;
XB6.F;
192400.KS;
YEC.MU;
EAPH;
HMSY;
XMEX;
QFI.BE;
CBFV;
FTP.TO;
XCI.BE;
DPMAF;
YO.V;
BS6.SI;
TGH;
VLX1.MU;
WTL.NZ;
P4W.F;
XPPLF;
FP3.DU;
XBOV11.SA;
TDGCF;
ZMTBF;
9BE.BE;
ZHEXF;
SAR.L;
PLPM;
9961.TWO;
LTGHY;
VOQP;
YUEIF;
MJP.F;
002350.KS;
ORI1.SG;
QCI.HA;
DOM.CR;
LMG.V;
INGA.BR;
3152.TWO;
GAINN;
CNJ.MU;
VIZ.F;
FIND;
RVUE;
7KT.DE;
PATY.BA;
NKZB.BE;
SRT.DE;
VWS.SW;
NPBC;
TTW.AX;
POM;
SCBFF;
JHC.AX;
YVI.MI;
TPL.TO;
FNSI;
FIBR3.SA;
JASO;
7PY.F;
FLRY3F.SA;
AFGH;
CBEE3F.SA;
SOW.DE;
ONCE;
AGRO.BA;
WLSE;
LNVGF;
8ZZ.F;
XUN.BE;
NFU.MU;
BRL.AX;
0532.HK;
FLK.AX;
060540.KQ;
WOWO;
FQM.L;
WTG.ST;
FET;
AXIO;
TOH.F;
KDR.V;
AMBA;
MSADF;
FNBC;
CCL-B.TO;
JSLG-DEB63B0.SA;
ACAR;
V33.DU;
RLF.BE;
YTMF03.AX;
0002.HK;
JGPK;
6ZA.BE;
DB;
WIB.MU;
BTCS;
GCH;
NCXS;
OFW.AX;
RDHL;
UQ.V;
RCI.L;
XM8.BE;
ZFR.V;
WUW.SG;
CJR-B.TO;
DEN.TO;
PRAH;
4LC.BE;
W5C.F;
F5B.BE;
QVCA;
LMIF.L;
CEXE;
025620.KS;
PAH3.HA;
MGP.V;
TYOYF;
AMXL.MX;
VOS.SW;
NFSHF;
3VMB.F;
SIELF;
IFCZF;
HGLG11.SA;
DTEGY;
BOMOXY-B1.BO;
LALAB.MX;
GOV380.NZ;
511930.SS;
VCBC;
CU.TO;
ZGLDF;
TROVW;
JCE;
CAH-UN.TO;
ETCC;
721783.TWO;
BFK;
INZ;
PFX;
ZSHERAPR.BO;
EPOR;
LHCG;
RWH.AX;
ITRI;
AAN;
WWS.F;
PRYMF;
GBOOY;
MTS1.MU;
RAK.NZ;
SAF.PA;
ABD.L;
ORWHF;
WTVP-CRI11B0.SA;
YNA1.BE;
LBSV;
OIRX6.BA;
ZL3.F;
IXA.BE;
STWD;
HHILF;
KRXBF;
VPK5.MU;
CNN1.F;
TDG.TO;
NSYS;
CMH.TO;
GLGLF;
QRX.AX;
SIEGY.BA;
GROW;
CLE.MI;
8242-OL.HK;
QJQ.MU;
DSKX;
TXL.TO;
PTOS;
CHRS;
OCY.OL;
VFL.A;
4804.TWO;
6505@BN.KL;
MLVOP.PA;
VVJSF;
3331.HK;
KPHOL.IS;
JPST;
05M.F;
3RBB.SG;
4999.TW;
NTR.SG;
OSR.BE;
VISN;
2331.HK;
NVY.V;
JHAGCOP.BO;
MR8.SI;
069510.KQ;
4720.TWO;
TMP;
SCSC;
IBSA.L;
NMNBD;
YTS.BE;
CNCON.MX;
JVTSF;
MIU.F;
SBUX;
LDRXF;
MTSN;
JP2.F;
TLGO.MC;
CRQDF;
OA;
SMZ1.F;
LBY;
TMPL.L;
TQC.MU;
X1H.SG;
NLY-PA;
717680.TWO;
RCS;
NOAA.BE;
QRM.L;
DHI;
ASC;
0097.KL;
PMX;
JE.L;
UFLX-B.ST;
CTUY;
NPS.TO;
0JUA.BE;
JRIIIL.BO;
EHMEF;
FKYS;
UNVR.JK;
X;
QIW.BE;
31Y.HM;
BUKS;
WMT.V;
ESTR.BA;
LEU;
PHOT;
UG8K.F;
0121.HK;
TPGRF;
721784.TWO;
ASMB;
721949.TWO;
MHFI;
001430.KS;
GKOS;
EFF;
PMI.SW;
STG.L;
LGCYP;
JEYPORE.NS;
EXD;
J0O.SI;
ROKR;
ODMUF;
AMSU;
TJY.HM;
BCLYF;
0565.HK;
HPF;
SRFT.TA;
1039.HK;
GPX;
FXL.AX;
TOUR;
NEL.OL;
IJU.BE;
ATAI;
RNER;
7KJ.F;
UBI.AX;
GOMO;
NNIC.F;
AFC;
TOA.F;
CROOF;
FXEN;
RAT.L;
JQMPF;
GVNV.AS;
NURPF;
ZT1A.SG;
522985.SS;
VNGE;
RRENF;
ANXGF;
OMER;
HNTHF;
SMT;
QPRO.BO;
1360.HK;
4550.TWO;
NXST;
AVSIF;
C2S1.BE;
UAL;
718512.TWO;
KEFI.L;
4707.KL;
ATHM;
TZL1.MU;
H1M.SI;
1212.HK;
0531.HK;
AFFW;
SBS;
HLTEF;
UTTAMVALUE-EQ.NS;
1431.HK;
YZA.IR;
FCG.NZ;
4XB.F;
WTE.TO;
NEO;
IZN.V;
ERA.AX;
FSIC;
GDSI;
IBTX;
JAIPAN.BO;
AOI.TO;
0330.HK;
FPRGF;
QB7.BE;
JWG1.DU;
ORCTE;
FFH.TO;
SCLN;
WXMN;
LYSDY;
033790.KQ;
HCACU;
VZRTF;
NOX.V;
WAF.V;
DSX;
VER.VI;
7178@OM.KL;
SIR.AX;
DEL;
SCHN;
WGTB;
RATE;
TYU2.MU;
KMI-WT;
RGUS;
CRMT;
UNS.AX;
SWG.F;
HURN;
SPD.V;
KOH.F;
AVDWF;
KLG.L;
MYE;
VIINT.CO;
EMP-A.TO;
TYOOF;
RNO.L;
CVM;
0017.HK;
QC9.MU;
00637L.TW;
PSI.TO;
GZZ.V;
8411.TW;
JCS.AX;
ASTI;
ECPO;
IMSC;
USFCQ;
NBPE.L;
PDYPF;
XA4.BE;
0477.HK;
RMGN;
ZMA.SG;
CAY.AX;
NHF.AX;
CPG.L;
EKSO;
PVDA.F;
TKOMF;
DO1.DU;
TRAC;
RDLSF;
NWRLY;
JOONKTOLL.BO;
NKOKF;
QFB.BE;
NGCRF;
HITD;
0566.HK;
TOL;
ESEA;
AXS.AS;
VRUNAGR.BO;
CRL;
JEN.SW;
GHRI;
DBRM;
VVN.V;
HOVS.BO;
QUMMF;
PLT;
LFEX;
ZEL.NZ;
0215.HK;
0028.HK;
MW;
0581.HK;
RIGD.IL;
ZEXDONTR.BO;
MTLQU;
MPO;
DANOY;
SDRL;
PZRIF;
UERLF;
VRSEF;
TPUZ.TA;
9933.TW;
PWEB;
ABW.AX;
NUVA;
MLFER.PA;
VRNL.PA;
RYLHY;
CPSI;
FKV1.IR;
ETX;
BAMM;
INF.L;
WCMK.HM;
MKN.V;
9NI.BE;
TW6.MU;
JAGMF;
COLM;
RYWHF;
TDF.F;
PCGR;
RLYP;
DRII;
ILNS;
PVHO;
KT9.SI;
HUR.L;
SLED.IL;
WHWRF;
LSLCF;
CMKM;
TRIB;
GULD;
GUDNF;
0335.HK;
BONY34.SA;
JUD.MU;
DIRI;
IC8.DE;
DWNI.SW;
PCTZ.L;
SHASF;
CAOX;
R2:VALE3S.SA;
OFGIP;
AXGN;
NBO.F;
ZSV.BE;
VSTM;
SGOO;
CVLC.F;
1290-OL.HK;
VPO-H.V;
TSLA;
JIM.MU;
EWZ.MU;
IDXG;
RTA.AX;
DHT;
717217.TWO;
EXAS;
DSKIF;
TRY.L;
GOV290.NZ;
IPH.PA;
46H.SG;
BOSC;
AGNN.MX;
SKHCF;
ORCL;
3031-OL.HK;
1998.HK;
TXX.V;
2186.KL;
IGC;
MRE.TO;
JCI.AX;
DPRX;
WDO.TO;
VTT.V;
1304.TW;
CETX;
ECL;
717123.TWO;
COST;
JSLG-DEB62B0.SA;
MWG;
717279.TWO;
YKLTF;
5TP.MU;
APNHY;
LCGP.JK;
FCSS.L;
DUKE.L;
MPX.BE;
VC8.SG;
IAE;
ZRVT;
INOXWIND.BO;
NAPRF;
CTY1SN0115.HE;
1KG.F;
SAFARI.BK;
YOS.HM;
JAIBALAJI.BO;
ACI;
ITNM;
4XS.MU;
O1BC.MU;
DAP.F;
ITCC;
COTY34F.SA;
REF-UN.TO;
03021X.TW;
BSE;
4TR.F;
ZUC.MI;
X-RT.V;
LION;
XAE1.MU;
QUANTDIA.BO;
UHO.BE;
VALUEGFO.MX;
NKSJY;
BHRB;
ATRAV.HE;
1368.KL;
TAOIF;
7BF.BE;
EMYSF;
FLMJF;
0905.HK;
UMS.F;
GRD1R.RG;
ZKHANDEN.BO;
WESTLEIRES.BO;
RPPINFRA.NS;
NTC.MC;
NOLA-B.ST;
CNA;
GLRI;
03047X.TW;
6ZY.MU;
YIN.F;
IPCM;
Y9L.MU;
MMY.V;
TKIAF;
4109.TWO;
6491.KL;
QLT-R.BK;
SAEXW;
YMO.F;
PVS-PD.TO;
WTFC;
3988.HK;
MH6.DU;
CXR.TO;
NFLX34F.SA;
IRSA.BA;
FATE;
ENCR;
6552.TWO;
MYL;
KENS;
BYMOF;
OIL.BO;
MNDO;
CGRW;
MYCC;
HAYN;
NZSTF;
WFCL;
NSBK;
OTB.L;
BLKB;
J0Q.SI;
IAIC;
AD3.MU;
WACLY;
NSH;
AFRVF;
TYE.V;
DRS.L;
OPCO.ST;
HNA.OL;
NHL.L;
NRD.F;
HOME34F.SA;
PNE.V;
AT3.F;
BNP.PA;
ETSVF;
ANTM;
105740.KQ;
O9C.BE;
WFMC;
FDSA.L;
THO.AX;
SRPT;
ITL.PA;
KELLTONTEC.BO;
VV.V;
LIV.BE;
J9R.F;
VNIL.L;
DSKBF;
HEDYY;
KCBK.QA;
MUSA;
ZEEMEDIA.NS;
WSU.MU;
ATR;
FORK;
VEG-H.V;
AIXA.DE;
TIRTZ;
JOB;
DSM.AS;
VNORP;
VIAD.PA;
ADJ.AX;
DNE.L;
5062.KL;
2XX.F;
TISDZ;
PNTA;
LLTHF;
GAZ-UN.V;
PCAR4.SA;
FDEF;
GFN;
AJBI;
717462.TWO;
QS6A.F;
59A.MU;
YAAA.MU;
KWR;
NGM.F;
DEDI.ST;
SXY.AX;
MAT.V;
NXWA.SG;
0184.HK;
SOIGF;
72310P.TWO;
VTQ.F;
UON1.MU;
XIN.F;
POAHY;
WGLCO;
PACQF;
HTGY;
EXN.F;
MLVES.PA;
UZC;
MESO;
DOCD.AS;
XS4.MU;
1051.HK;
SURDF;
DGR.AX;
PADAMCO.BO;
OMGB;
BYBK;
MJ8.SG;
BCE-PY.TO;
AZZ;
SLHGF;
EQTL3.SA;
ZEL.F;
FNSR;
NEOS;
KUYASR.IS;
0UB.BE;
SZU.DE;
NPS.DU;
SRCL;
OPXAW;
VIJAYABANK-EQ.NS;
FMCC;
BAYK;
ZUBN.SW;
ZLTQ;
VIAS;
PFB.TO;
5MZ.SI;
1K1.SG;
UWBKQ;
0488.HK;
5474.TWO;
ENB;
718050.TWO;
RSO;
718035.TWO;
CLTN.SW;
VETO.PA;
LKE.BE;
RS;
JEN.DE;
VVC;
HILL;
VO7.F;
NDGPY;
4HQ.BE;
DSX-PB;
ICA;
KMT;
HOLX;
GOVMC.BO;
CPL;
JKMTL;
NINOY;
AM.PA;
SSWL.NS;
SKM.BE;
BAYRY;
AACAY;
0886.HK;
MOD;
SRSN.JK;
TZ6.F;
PWVI;
SXV.BE;
JTS.BK;
ECA;
XCO;
IMKTA;
DCNPF;
ANK.BE;
ZLDSF;
MITL;
QQ.V;
1C8.F;
PPRUY;
AHURAWE.BO;
T41.BE;
DUB1.MU;
PUB;
YAMHF;
COENF;
BOE;
SGGKY;
GEH;
ANVGQ;
RDSA.L;
MSF.AS;
BPO-PR.TO;
YG11.BE;
PRDC;
SAAS;
ITTA.F;
HNUZF;
CRVP;
QRNKOA-A;
DHTMF;
TRYUF;
AVH;
PDY.AX;
C13.SI;
BEINF;
URNAF;
KATHI.AT;
BATS.L;
SSRI;
ESP;
SRQ.AX;
YQNP.SG;
KOTMY;
KTOVW;
TIE.BE;
PMCFIN.BO;
AME.V;
TES.V;
5016@OM.KL;
TGLP;
0405.HK;
DTRL;
CLIRF;
PDW.BE;
GXP-PD;
SIDN.MX;
NZTCY;
STOB.L;
JNOS.ME;
QCI.HM;
IOTS;
